{
  "posts": [
      {
        "id": 1,
        "Tittle":"Gently falls the bakula",
        "author":"Sudha Murthy",
        "genere":"fiction",
        "firstpublished":"1/10/2008",
        "image":"gently-falls-the-bakula.jpg"
      },
      {
        "id": 2,
        "Tittle":"The girl in room no. 105",
        "author":"Chetan Bhagat",
        "genere":"thriller",
        "firstpublished":"1/10/2018",
        "image":"gir105.jpg"
      },
      {
        "id": 3,
        "Tittle":"Sita- warrior of Mithila",
        "author":"Amish Tripati",
        "genere":"Mythology",
        "firstpublished":"29/05/2017",
        "image":"sita.jpeg"
      },
      {
        "id": 4,
        "Tittle":"Ram-scion of ikshvaku",
        "author":"Amish Tripati",
        "genere":"Mythology",
        "firstpublished":"22/06/2015",
        "image":"ram.jpg"
      },
      {
        "id": 5,
        "Tittle":"Bloodline",
        "author":"Sidney Sheldon",
        "genere":"mystery",
        "firstpublished":"1977",
        "image":"Bloodline.jpg"
      }
  ],
  "comments": [
    {
      "id":1,
      "body":"some comment",
      "postId":1
    }
  ],
  "profile": {
    "name": "typicode"
  }
}